[{
  "type": "mod_tileset",
  "compatibility": [      
     "UltimateCataclysm",
	 "UNDEAD_PEOPLE_BASE",
	 "UNDEAD_PEOPLE", 
	 "UNDEAD_PEOPLE_BASE", 
	 "UNDEAD_PEOPLE (NEW VERSION)", 
	 "MshockRealXotto", 
	 "MSX++DEAD_PEOPLE", 
	 "MSXotto+"
  ],
  "tiles-new": [
    {
      "file": "tile/shokka3.png",
        "sprite_height":48,
        "sprite_width":48,
        "sprite_offset_x":-8,
        "sprite_offset_y":-16,
        "tiles": [  { 
		"id": "mon_fem_shocker1",
		"fg": [
		    { "weight": 20, "sprite": 0 },
            { "weight": 20, "sprite": 1 }],
		"rotates": false } ]
	},
	
	{
      "file": "tile/shokkacorpse1.png",
        "sprite_height":48,
        "sprite_width":48,
        "sprite_offset_x":-8,
        "sprite_offset_y":-16,
        "tiles": [  { "id": "corpse_mon_fem_shocker1", "fg": 2, "rotates": false }  ]
	},

	{
      "file": "tile/shokka2.png",
        "sprite_height":48,
        "sprite_width":48,
        "sprite_offset_x":-8,
        "sprite_offset_y":-16,
        "tiles": [  { "id": "mon_fem_shocker2", "fg": 3, "rotates": false }  ]
	},
	
	{
      "file": "tile/shokkacorpse2.png",
        "sprite_height":48,
        "sprite_width":48,
        "sprite_offset_x":-8,
        "sprite_offset_y":-16,
        "tiles": [  { "id": "corpse_mon_fem_shocker2", "fg": 4, "rotates": false }  ]
	}
      ]		
    }
  ]