[
  {
    "id": "mon_fem_shocker1",
    "type": "MONSTER",
    "name": "Female shocker1",
    "description":
    "초기 가면라이더1호편에만 등장했던 쇼커 여전투원.그녀들은 요염한 여체를 하고 있으면서도 메이크업을 한 얼굴에서는 생기가 전혀 느껴지지 않아 섬뜩한 분위기를 자아냅니다.그녀들은 이제 평범한 여자가 아니라, 쇼커로 개조된 이형의 괴물인 것이다.",
	"default_faction": "shocker",
    "bodytype": "human",
	"species": [ "HUMAN" ],
	"categories": [ "CLASSIC","WILDLIFE","NULL" ],
    "volume": "62500 ml",
    "weight": "81500 g",
    "hp": 90,
    "speed": 110,
	"diff": 10,
    "material": [ "flesh" ],
    "symbol": "@",
    "color": "red",
	"aggression": 100,
    "morale": 100,
    "melee_skill": 4,
    "melee_dice": 2,
    "melee_dice_sides": 7,
	"dodge": 1,
    "vision_day": 40,
    "vision_night": 8,
	"melee_damage": [ { "damage_type": "cut", "amount": 2 } ],
	"harvest":"zombie",
	"fear_triggers":[ "HURT" ],	
	"special_attacks": [ [ "PARROT",10 ] ],
    "flags": [
      "SEES",
	  "CAN_OPEN_DOORS",
	  "GRABS",
      "HEARS",
      "SMELLS",
      "POISON",
	  "PATH_AVOID_DANGER_1",
	  "SWIMS",
      "PUSH_MON"
    ]
  },
  {
    "id": "mon_fem_shocker2",
    "type": "MONSTER",
    "name": "Female shocker2",
    "description":
    "신 가면라이더에 등장했던 쇼커 여전투원.그녀들은 요염한 여체를 하고 있으면서도 가면을 쓴 얼굴에서는 표정이 전혀 보이지 않아 딱딱한 분위기를 자아냅니다.그녀들은 이제 평범한 여자가 아니라, 쇼커로 개조되어 감정조차 결여된 이형의 괴물입니다.",
	"default_faction": "shocker",
    "bodytype": "human",
	"species": [ "HUMAN" ],
	"categories": [ "CLASSIC","WILDLIFE","NULL" ],
    "volume": "62500 ml",
    "weight": "81500 g",
    "hp": 90,
    "speed": 110,
	"diff": 10,
    "material": [ "flesh" ],
    "symbol": "@",
    "color": "white",
	"aggression": 100,
    "morale": 100,
    "melee_skill": 4,
    "melee_dice": 2,
    "melee_dice_sides": 7,
	"dodge": 1,
    "vision_day": 40,
    "vision_night": 8,
	"melee_damage": [ { "damage_type": "cut", "amount": 2 } ],
	"harvest":"zombie",
	"fear_triggers":[ "HURT" ],	
	"special_attacks": [  ],
    "flags": [
      "SEES",
	  "CAN_OPEN_DOORS",
	  "GRABS",
      "HEARS",
      "SMELLS",
      "POISON",
	  "SWIMS"
    ]
  }
]
