[
  {
    "type": "martial_art",
    "id": "style_explosion",
    "name": { "str": "explosion Mastery" },
    "description": "디버그용 폭발 무술. 적들을 폭발시킵니다.",
    "initiate": [ "You get ready pwn some zeds!", "%s prepares to cheat at martial arts!" ],
    "arm_block": 99,
    "leg_block": 99,
    "static_buffs": [
      {
        "id": "debug_elem_resist",
        "name": "Elemental resistance",
        "description": "+Strength physical armor, +Dexterity acid armor, +Intelligence electricity armor, +Perception fire armor.",
        "unarmed_allowed": true,
        "flat_bonuses": [
          { "stat": "armor", "type": "bash", "scaling-stat": "str", "scale": 1 },
          { "stat": "armor", "type": "cut", "scaling-stat": "dex", "scale": 1 },
          { "stat": "armor", "type": "electric", "scaling-stat": "int", "scale": 1 },
          { "stat": "armor", "type": "heat", "scaling-stat": "per", "scale": 1 }
        ]
      }
    ],
    "oncrit_buffs": [
      {
        "id": "debug_crit_buff",
        "name": "Lightning Strike",
        "description": "Lightning strikes twice.  +Perception electric damage for 3 turns.  Stacks 2 times.",
        "unarmed_allowed": true,
        "buff_duration": 3,
        "max_stacks": 2,
        "flat_bonuses": [ { "stat": "damage", "type": "electric", "scaling-stat": "per", "scale": 1 } ]
      }
    ],
    "onmiss_buffs": [
      {
        "id": "debug_miss_buff",
        "name": "Getting Angry",
        "description": "When I get my hands on you…  +2 damage for 2 turns.  Stacks 5 times.",
        "unarmed_allowed": true,
        "buff_duration": 2,
        "max_stacks": 5,
        "flat_bonuses": [
          { "stat": "damage", "type": "bash", "scale": 2 },
          { "stat": "damage", "type": "cut", "scale": 2 },
          { "stat": "damage", "type": "stab", "scale": 2 }
        ]
      }
    ],
    "onkill_buffs": [
      {
        "id": "debug_kill_buff",
        "name": "On Fire",
        "description": "YOU ARE ON FIRE!  +5 fire damage for 5 turns.",
        "unarmed_allowed": true,
        "buff_duration": 5,
        "flat_bonuses": [ { "stat": "damage", "type": "heat", "scale": 5 } ]
      }
    ],
    "techniques": [ "tec_exp_arpen" ]
  }
]