[
  {
    "id": "mon_fem_shocker1",
    "type": "MONSTER",
    "name": "Female shocker1",
    "description":
    "초기 가면라이더1호편에만 등장했던 쇼커 여전투원.그녀들은 요염한 여체를 하고 있으면서도 메이크업을 한 얼굴에서는 생기가 전혀 느껴지지 않아 섬뜩한 분위기를 자아냅니다.그녀들은 이제 평범한 여자가 아니라, 쇼커로 개조된 이형의 괴물입니다.",
	"default_faction": "shocker",
    "bodytype": "human",
    "species": [ "HUMAN" ],
    "volume": "62500 ml",
    "weight": "81500 g",
    "hp": 80,
    "speed": 70,
    "material": [ "flesh" ],
    "symbol": "N",
    "color": "red",
    "aggression": 100,
    "morale": 100,
    "melee_skill": 4,
    "melee_dice": 2,
    "melee_dice_sides": 3,
    "melee_damage": [ { "damage_type": "bash", "amount": 0 } ],
    "weakpoint_sets": [ "wps_humanoid_body" ],
	"harvest": "zombie_humanoid",
    "decay": "zombie_decay_bone_human_skull",
    "grab_strength": 20,
    "vision_night": 2,
	"fear_triggers":[ "HURT" ],	
	"special_attacks": [ 
	[ "PARROT",20 ],
    { "id": "grab" },
    { "id": "scratch_humanoid", "cooldown": 5 }],
    "flags": [
      "SEES",
	  "CAN_OPEN_DOORS",
	  "GRABS",
      "HEARS",
	  "BASHES",
      "GROUP_BASH",
      "SMELLS",
	  "POISON",
	  "SWIMS"
    ]
  },
  {
    "id": "mon_fem_shocker2",
    "type": "MONSTER",
    "name": "Female shocker2",
    "description":
    "신 가면라이더에 등장했던 쇼커 여전투원.그녀들은 요염한 여체를 하고 있으면서도 가면을 쓴 얼굴에서는 표정이 전혀 보이지 않아 딱딱한 분위기를 자아냅니다.그녀들은 이제 평범한 여자가 아니라, 쇼커로 개조되어 감정조차 결여된 이형의 괴물입니다.",
	"default_faction": "shocker",
    "bodytype": "human",
    "species": [ "HUMAN" ],
    "volume": "62500 ml",
    "weight": "81500 g",
    "hp": 80,
    "speed": 70,
    "material": [ "flesh" ],
    "symbol": "N",
    "color": "red",
    "aggression": 100,
    "morale": 100,
    "melee_skill": 4,
    "melee_dice": 2,
    "melee_dice_sides": 3,
    "melee_damage": [ { "damage_type": "stab", "amount": 0 } ],
    "weakpoint_sets": [ "wps_humanoid_body" ],
	"harvest": "zombie_humanoid",
    "decay": "zombie_decay_bone_human_skull",
    "grab_strength": 20,
    "vision_night": 2,
	"fear_triggers":[ "HURT" ],	
	"special_attacks": [ 
	[ "PARROT",20 ],
    { "id": "grab" },
    { "id": "scratch_humanoid", "cooldown": 5 }],
    "flags": [
      "SEES",
	  "CAN_OPEN_DOORS",
	  "GRABS",
      "HEARS",
	  "BASHES",
      "GROUP_BASH",
      "SMELLS",
	  "POISON",
	  "SWIMS"
    ]
  }
]
