[
  {
    "type": "monstergroup",
    "name": "GROUP_ZOMBIE",
	"default": "mon_fem_shocker1",
	
    "monsters": [
	  { "monster": "mon_fem_shocker1", "freq": 100, "cost_multiplier": 0, "pack_size": [1,2] },
	  { "monster": "mon_fem_shocker1", "freq": 100, "cost_multiplier": 0, "pack_size": [1,2] },
	  { "monster": "mon_fem_shocker1", "freq": 100, "cost_multiplier": 0, "pack_size": [1,2] },
	  { "monster": "mon_fem_shocker2", "freq": 100, "cost_multiplier": 0, "pack_size": [1,2] },
	  { "monster": "mon_fem_shocker2", "freq": 100, "cost_multiplier": 0, "pack_size": [1,2] },
	  { "monster": "mon_fem_shocker2", "freq": 100, "cost_multiplier": 0, "pack_size": [1,2] }
    ]
  }
  ,{
    "type": "monstergroup",
    "name": "GROUP_HOSPITAL",
	"default": "mon_fem_shocker1",
	
    "monsters": [
      { "monster": "mon_fem_shocker1", "freq": 100, "cost_multiplier": 0, "pack_size": [1,2] },
	  { "monster": "mon_fem_shocker1", "freq": 100, "cost_multiplier": 0, "pack_size": [1,2] },
	  { "monster": "mon_fem_shocker1", "freq": 100, "cost_multiplier": 0, "pack_size": [1,2] },
	  { "monster": "mon_fem_shocker1", "freq": 100, "cost_multiplier": 0, "pack_size": [1,2] },
	  { "monster": "mon_fem_shocker1", "freq": 100, "cost_multiplier": 0, "pack_size": [1,2] },
	  { "monster": "mon_fem_shocker1", "freq": 100, "cost_multiplier": 0, "pack_size": [1,2] },
	  { "monster": "mon_fem_shocker2", "freq": 100, "cost_multiplier": 0, "pack_size": [1,2] },
	  { "monster": "mon_fem_shocker2", "freq": 100, "cost_multiplier": 0, "pack_size": [1,2] },
	  { "monster": "mon_fem_shocker2", "freq": 100, "cost_multiplier": 0, "pack_size": [1,2] },
	  { "monster": "mon_fem_shocker2", "freq": 100, "cost_multiplier": 0, "pack_size": [1,2] },
	  { "monster": "mon_fem_shocker2", "freq": 100, "cost_multiplier": 0, "pack_size": [1,2] },
	  { "monster": "mon_fem_shocker2", "freq": 100, "cost_multiplier": 0, "pack_size": [1,2] }
    ]
  }
  ,{
    "type": "monstergroup",
    "name": "GROUP_CHURCH_ZOMBIE",
	"default": "mon_fem_shocker1",
	
    "monsters": [
      { "monster": "mon_fem_shocker1", "freq": 100, "cost_multiplier": 0, "pack_size": [1,2] },
	  { "monster": "mon_fem_shocker1", "freq": 100, "cost_multiplier": 0, "pack_size": [1,2] },
	  { "monster": "mon_fem_shocker1", "freq": 100, "cost_multiplier": 0, "pack_size": [1,2] },
	  { "monster": "mon_fem_shocker2", "freq": 100, "cost_multiplier": 0, "pack_size": [1,2] },
	  { "monster": "mon_fem_shocker2", "freq": 100, "cost_multiplier": 0, "pack_size": [1,2] },
	  { "monster": "mon_fem_shocker2", "freq": 100, "cost_multiplier": 0, "pack_size": [1,2] }
    ]
  }
  ,{
    "type": "monstergroup",
    "name": "GROUP_MANSION",
	"default": "mon_fem_shocker1",
	
    "monsters":[
      { "monster": "mon_fem_shocker1", "freq": 100, "cost_multiplier": 0, "pack_size": [1,2] },
	  { "monster": "mon_fem_shocker1", "freq": 100, "cost_multiplier": 0, "pack_size": [1,2] },
	  { "monster": "mon_fem_shocker1", "freq": 100, "cost_multiplier": 0, "pack_size": [1,2] },
	  { "monster": "mon_fem_shocker2", "freq": 100, "cost_multiplier": 0, "pack_size": [1,2] },
	  { "monster": "mon_fem_shocker2", "freq": 100, "cost_multiplier": 0, "pack_size": [1,2] },
	  { "monster": "mon_fem_shocker2", "freq": 100, "cost_multiplier": 0, "pack_size": [1,2] }
    ]
  }
  ,{
    "type": "monstergroup",
    "name": "GROUP_LAB",
	"default": "mon_fem_shocker1",
	
    "monsters": [ 
	  { "monster": "mon_fem_shocker1", "freq": 100, "cost_multiplier": 0, "pack_size": [1,2] },
	  { "monster": "mon_fem_shocker1", "freq": 100, "cost_multiplier": 0, "pack_size": [1,2] },
	  { "monster": "mon_fem_shocker1", "freq": 100, "cost_multiplier": 0, "pack_size": [1,2] },
	  { "monster": "mon_fem_shocker2", "freq": 100, "cost_multiplier": 0, "pack_size": [1,2] },
	  { "monster": "mon_fem_shocker2", "freq": 100, "cost_multiplier": 0, "pack_size": [1,2] },
	  { "monster": "mon_fem_shocker2", "freq": 100, "cost_multiplier": 0, "pack_size": [1,2] }
	]
  }
  ,{
    "type": "monstergroup",
    "name": "GROUP_ICE_LAB",
	"default": "mon_fem_shocker1",
	
    "monsters": [
      { "monster": "mon_fem_shocker1", "freq": 100, "cost_multiplier": 0, "pack_size": [1,2] },
	  { "monster": "mon_fem_shocker1", "freq": 100, "cost_multiplier": 0, "pack_size": [1,2] },
	  { "monster": "mon_fem_shocker1", "freq": 100, "cost_multiplier": 0, "pack_size": [1,2] },
	  { "monster": "mon_fem_shocker2", "freq": 100, "cost_multiplier": 0, "pack_size": [1,2] },
	  { "monster": "mon_fem_shocker2", "freq": 100, "cost_multiplier": 0, "pack_size": [1,2] },
	  { "monster": "mon_fem_shocker2", "freq": 100, "cost_multiplier": 0, "pack_size": [1,2] }
	]
  }  
   ,{
    "type":"monstergroup",
    "name" : "GROUP_VANILLA",
	"default": "mon_fem_shocker1",
	
    "monsters" : [
      { "monster": "mon_fem_shocker1", "freq": 100, "cost_multiplier": 0, "pack_size": [1,2] },
	  { "monster": "mon_fem_shocker1", "freq": 100, "cost_multiplier": 0, "pack_size": [1,2] },
	  { "monster": "mon_fem_shocker1", "freq": 100, "cost_multiplier": 0, "pack_size": [1,2] },
	  { "monster": "mon_fem_shocker2", "freq": 100, "cost_multiplier": 0, "pack_size": [1,2] },
	  { "monster": "mon_fem_shocker2", "freq": 100, "cost_multiplier": 0, "pack_size": [1,2] },
	  { "monster": "mon_fem_shocker2", "freq": 100, "cost_multiplier": 0, "pack_size": [1,2] }
    ]
  }
  ,{
    "type":"monstergroup",
    "name" : "GROUP_ZOMBIE_MID",
	"default": "mon_fem_shocker1",
	
    "monsters" : [
      { "monster": "mon_fem_shocker1", "freq": 100, "cost_multiplier": 0, "pack_size": [1,2] },
	  { "monster": "mon_fem_shocker1", "freq": 100, "cost_multiplier": 0, "pack_size": [1,2] },
	  { "monster": "mon_fem_shocker1", "freq": 100, "cost_multiplier": 0, "pack_size": [1,2] },
	  { "monster": "mon_fem_shocker2", "freq": 100, "cost_multiplier": 0, "pack_size": [1,2] },
	  { "monster": "mon_fem_shocker2", "freq": 100, "cost_multiplier": 0, "pack_size": [1,2] },
	  { "monster": "mon_fem_shocker2", "freq": 100, "cost_multiplier": 0, "pack_size": [1,2] }
    ]
  },
  
  
  {
    "name": "GROUP_PARK_SCENIC",
    "type": "monstergroup",
	
    "default": "mon_fem_shocker1",
    "monsters": [
      { "monster": "mon_fem_shocker1", "freq": 100, "cost_multiplier": 0, "pack_size": [1,2] },
	  { "monster": "mon_fem_shocker1", "freq": 100, "cost_multiplier": 0, "pack_size": [1,2] },
	  { "monster": "mon_fem_shocker1", "freq": 100, "cost_multiplier": 0, "pack_size": [1,2] },
	  { "monster": "mon_fem_shocker2", "freq": 100, "cost_multiplier": 0, "pack_size": [1,2] },
	  { "monster": "mon_fem_shocker2", "freq": 100, "cost_multiplier": 0, "pack_size": [1,2] },
	  { "monster": "mon_fem_shocker2", "freq": 100, "cost_multiplier": 0, "pack_size": [1,2] }
    ]
  },
  {
    "name": "GROUP_SURVIVOR_FOREST",
    "type": "monstergroup",
	
    "default": "mon_fem_shocker1",
    "monsters": [
	  { "monster": "mon_fem_shocker1", "freq": 100, "cost_multiplier": 0, "pack_size": [1,2] },
	  { "monster": "mon_fem_shocker1", "freq": 100, "cost_multiplier": 0, "pack_size": [1,2] },
	  { "monster": "mon_fem_shocker1", "freq": 100, "cost_multiplier": 0, "pack_size": [1,2] },
	  { "monster": "mon_fem_shocker2", "freq": 100, "cost_multiplier": 0, "pack_size": [1,2] },
	  { "monster": "mon_fem_shocker2", "freq": 100, "cost_multiplier": 0, "pack_size": [1,2] },
	  { "monster": "mon_fem_shocker2", "freq": 100, "cost_multiplier": 0, "pack_size": [1,2] }
    ]
  },
  {
    "name": "GROUP_ROOF_ZOMBIE",
    "type": "monstergroup",
	
    "default": "mon_fem_shocker1",
    "monsters": [
      { "monster": "mon_fem_shocker1", "freq": 100, "cost_multiplier": 0, "pack_size": [1,2] },
	  { "monster": "mon_fem_shocker1", "freq": 100, "cost_multiplier": 0, "pack_size": [1,2] },
	  { "monster": "mon_fem_shocker1", "freq": 100, "cost_multiplier": 0, "pack_size": [1,2] },
	  { "monster": "mon_fem_shocker2", "freq": 100, "cost_multiplier": 0, "pack_size": [1,2] },
	  { "monster": "mon_fem_shocker2", "freq": 100, "cost_multiplier": 0, "pack_size": [1,2] },
	  { "monster": "mon_fem_shocker2", "freq": 100, "cost_multiplier": 0, "pack_size": [1,2] }
    ]
  },
  {
    "name": "GROUP_PARK_PLAYGROUND",
    "type": "monstergroup",
	
    "default": "mon_fem_shocker1",
    "monsters": [
      { "monster": "mon_fem_shocker1", "freq": 100, "cost_multiplier": 0, "pack_size": [1,2] },
	  { "monster": "mon_fem_shocker1", "freq": 100, "cost_multiplier": 0, "pack_size": [1,2] },
	  { "monster": "mon_fem_shocker1", "freq": 100, "cost_multiplier": 0, "pack_size": [1,2] },
	  { "monster": "mon_fem_shocker2", "freq": 100, "cost_multiplier": 0, "pack_size": [1,2] },
	  { "monster": "mon_fem_shocker2", "freq": 100, "cost_multiplier": 0, "pack_size": [1,2] },
	  { "monster": "mon_fem_shocker2", "freq": 100, "cost_multiplier": 0, "pack_size": [1,2] }
    ]
  },
  {
    "name": "GROUP_ZOMBIE_SCORCHED",
    "type": "monstergroup",
	
    "default": "mon_fem_shocker1",
    "monsters": [
      { "monster": "mon_fem_shocker1", "freq": 100, "cost_multiplier": 0, "pack_size": [1,2] },
	  { "monster": "mon_fem_shocker1", "freq": 100, "cost_multiplier": 0, "pack_size": [1,2] },
	  { "monster": "mon_fem_shocker1", "freq": 100, "cost_multiplier": 0, "pack_size": [1,2] },
	  { "monster": "mon_fem_shocker2", "freq": 100, "cost_multiplier": 0, "pack_size": [1,2] },
	  { "monster": "mon_fem_shocker2", "freq": 100, "cost_multiplier": 0, "pack_size": [1,2] },
	  { "monster": "mon_fem_shocker2", "freq": 100, "cost_multiplier": 0, "pack_size": [1,2] }
    ]
  },
  {
    "type": "monstergroup",
    "default": "mon_fem_shocker1",
	
    "name": "GROUP_ZOMBIE_GASSTATION",
    "monsters": [
      { "monster": "mon_fem_shocker1", "freq": 100, "cost_multiplier": 0, "pack_size": [1,2] },
	  { "monster": "mon_fem_shocker1", "freq": 100, "cost_multiplier": 0, "pack_size": [1,2] },
	  { "monster": "mon_fem_shocker1", "freq": 100, "cost_multiplier": 0, "pack_size": [1,2] },
	  { "monster": "mon_fem_shocker2", "freq": 100, "cost_multiplier": 0, "pack_size": [1,2] },
	  { "monster": "mon_fem_shocker2", "freq": 100, "cost_multiplier": 0, "pack_size": [1,2] },
	  { "monster": "mon_fem_shocker2", "freq": 100, "cost_multiplier": 0, "pack_size": [1,2] }
    ]
  },
  {
    "type": "monstergroup",
    "name": "GROUP_FERAL",
    "//": "default ferals",
	
    "default": "mon_feral_human_crowbar",
    "monsters": [
      { "monster": "mon_fem_shocker1", "freq": 100, "cost_multiplier": 0, "pack_size": [1,2] },
	  { "monster": "mon_fem_shocker1", "freq": 100, "cost_multiplier": 0, "pack_size": [1,2] },
	  { "monster": "mon_fem_shocker1", "freq": 100, "cost_multiplier": 0, "pack_size": [1,2] },
	  { "monster": "mon_fem_shocker2", "freq": 100, "cost_multiplier": 0, "pack_size": [1,2] },
	  { "monster": "mon_fem_shocker2", "freq": 100, "cost_multiplier": 0, "pack_size": [1,2] },
	  { "monster": "mon_fem_shocker2", "freq": 100, "cost_multiplier": 0, "pack_size": [1,2] }
    ]
  },
  {
    "type": "monstergroup",
    "name": "GROUP_VANILLA_ONLY_HUMANS",
    "//": "only human zombies, used in the refugee center and as upgrades for civilians",
    "default": "mon_fem_shocker1",
	
    "monsters": [
      { "monster": "mon_fem_shocker1", "freq": 100, "cost_multiplier": 0, "pack_size": [1,2] },
	  { "monster": "mon_fem_shocker1", "freq": 100, "cost_multiplier": 0, "pack_size": [1,2] },
	  { "monster": "mon_fem_shocker1", "freq": 100, "cost_multiplier": 0, "pack_size": [1,2] },
	  { "monster": "mon_fem_shocker2", "freq": 100, "cost_multiplier": 0, "pack_size": [1,2] },
	  { "monster": "mon_fem_shocker2", "freq": 100, "cost_multiplier": 0, "pack_size": [1,2] },
	  { "monster": "mon_fem_shocker2", "freq": 100, "cost_multiplier": 0, "pack_size": [1,2] }
    ]
  },
  {
    "type": "monstergroup",
    "name": "GROUP_VANILLA_NO_FERAL",
    "//": "also no civilians, currently used in the sealed hazardous waste sarcophagus chamber",
    "default": "mon_fem_shocker1",
	
    "monsters": [
      { "monster": "mon_fem_shocker1", "freq": 100, "cost_multiplier": 0, "pack_size": [1,2] },
	  { "monster": "mon_fem_shocker1", "freq": 100, "cost_multiplier": 0, "pack_size": [1,2] },
	  { "monster": "mon_fem_shocker1", "freq": 100, "cost_multiplier": 0, "pack_size": [1,2] },
	  { "monster": "mon_fem_shocker2", "freq": 100, "cost_multiplier": 0, "pack_size": [1,2] },
	  { "monster": "mon_fem_shocker2", "freq": 100, "cost_multiplier": 0, "pack_size": [1,2] }
    ]
  },
  {
    "type": "monstergroup",
    "name": "GROUP_VANILLA",
    "default": "mon_fem_shocker1",
	
    "//": "Normalized to 1000",
    "monsters": [
      { "monster": "mon_fem_shocker1", "freq": 100, "cost_multiplier": 0, "pack_size": [1,2] },
	  { "monster": "mon_fem_shocker1", "freq": 100, "cost_multiplier": 0, "pack_size": [1,2] },
	  { "monster": "mon_fem_shocker1", "freq": 100, "cost_multiplier": 0, "pack_size": [1,2] },
	  { "monster": "mon_fem_shocker2", "freq": 100, "cost_multiplier": 0, "pack_size": [1,2] },
	  { "monster": "mon_fem_shocker2", "freq": 100, "cost_multiplier": 0, "pack_size": [1,2] },
	  { "monster": "mon_fem_shocker2", "freq": 100, "cost_multiplier": 0, "pack_size": [1,2] }
    ]
  },
  {
    "type": "monstergroup",
    "name": "GROUP_POLICE",
	
    "//": "+30% cops, much higher chance of paramilitary people",
    "default": "mon_fem_shocker1",
    "monsters": [
      { "monster": "mon_fem_shocker1", "freq": 100, "cost_multiplier": 0, "pack_size": [1,2] },
	  { "monster": "mon_fem_shocker1", "freq": 100, "cost_multiplier": 0, "pack_size": [1,2] },
	  { "monster": "mon_fem_shocker1", "freq": 100, "cost_multiplier": 0, "pack_size": [1,2] },
	  { "monster": "mon_fem_shocker2", "freq": 100, "cost_multiplier": 0, "pack_size": [1,2] },
	  { "monster": "mon_fem_shocker2", "freq": 100, "cost_multiplier": 0, "pack_size": [1,2] },
	  { "monster": "mon_fem_shocker2", "freq": 100, "cost_multiplier": 0, "pack_size": [1,2] }
    ]
  },
  {
    "type": "monstergroup",
    "name": "GROUP_POLICE_EXTRA",
	
    "//": "100% cops, 0% civilians",
    "default": "mon_fem_shocker1",
    "monsters": [
      { "monster": "mon_fem_shocker1", "freq": 100, "cost_multiplier": 0, "pack_size": [1,2] },
	  { "monster": "mon_fem_shocker1", "freq": 100, "cost_multiplier": 0, "pack_size": [1,2] },
	  { "monster": "mon_fem_shocker1", "freq": 100, "cost_multiplier": 0, "pack_size": [1,2] },
	  { "monster": "mon_fem_shocker2", "freq": 100, "cost_multiplier": 0, "pack_size": [1,2] },
	  { "monster": "mon_fem_shocker2", "freq": 100, "cost_multiplier": 0, "pack_size": [1,2] },
	  { "monster": "mon_fem_shocker2", "freq": 100, "cost_multiplier": 0, "pack_size": [1,2] }
    ]
  },
  {
    "type": "monstergroup",
    "name": "GROUP_PHARM",
	
    "default": "mon_fem_shocker1",
    "//": "+13% fast",
    "monsters": [
      { "monster": "mon_fem_shocker1", "freq": 100, "cost_multiplier": 0, "pack_size": [1,2] },
	  { "monster": "mon_fem_shocker1", "freq": 100, "cost_multiplier": 0, "pack_size": [1,2] },
	  { "monster": "mon_fem_shocker1", "freq": 100, "cost_multiplier": 0, "pack_size": [1,2] },
	  { "monster": "mon_fem_shocker2", "freq": 100, "cost_multiplier": 0, "pack_size": [1,2] },
	  { "monster": "mon_fem_shocker2", "freq": 100, "cost_multiplier": 0, "pack_size": [1,2] },
	  { "monster": "mon_fem_shocker2", "freq": 100, "cost_multiplier": 0, "pack_size": [1,2] }
    ]
  },
  {
    "type": "monstergroup",
    "name": "GROUP_ELECTRO",
	
    "default": "mon_fem_shocker1",
    "//": "+15% electric",
	"monsters": [
      { "monster": "mon_fem_shocker1", "freq": 100, "cost_multiplier": 0, "pack_size": [1,2] },
	  { "monster": "mon_fem_shocker1", "freq": 100, "cost_multiplier": 0, "pack_size": [1,2] },
	  { "monster": "mon_fem_shocker1", "freq": 100, "cost_multiplier": 0, "pack_size": [1,2] },
	  { "monster": "mon_fem_shocker2", "freq": 100, "cost_multiplier": 0, "pack_size": [1,2] },
	  { "monster": "mon_fem_shocker2", "freq": 100, "cost_multiplier": 0, "pack_size": [1,2] },
	  { "monster": "mon_fem_shocker2", "freq": 100, "cost_multiplier": 0, "pack_size": [1,2] }
    ]
  },
  {
    "type": "monstergroup",
    "name": "GROUP_GROCERY",
	
    "default": "mon_fem_shocker1",
    "//": "+15% fat",
    "monsters": [
      { "monster": "mon_fem_shocker1", "freq": 100, "cost_multiplier": 0, "pack_size": [1,2] },
	  { "monster": "mon_fem_shocker1", "freq": 100, "cost_multiplier": 0, "pack_size": [1,2] },
	  { "monster": "mon_fem_shocker1", "freq": 100, "cost_multiplier": 0, "pack_size": [1,2] },
	  { "monster": "mon_fem_shocker2", "freq": 100, "cost_multiplier": 0, "pack_size": [1,2] },
	  { "monster": "mon_fem_shocker2", "freq": 100, "cost_multiplier": 0, "pack_size": [1,2] },
	  { "monster": "mon_fem_shocker2", "freq": 100, "cost_multiplier": 0, "pack_size": [1,2] }
    ]
  },
  {
    "type": "monstergroup",
    "default": "mon_fem_shocker1",
	
    "name": "GROUP_PUBLICWORKERS",
    "monsters": [
      { "monster": "mon_fem_shocker1", "freq": 100, "cost_multiplier": 0, "pack_size": [1,2] },
	  { "monster": "mon_fem_shocker1", "freq": 100, "cost_multiplier": 0, "pack_size": [1,2] },
	  { "monster": "mon_fem_shocker1", "freq": 100, "cost_multiplier": 0, "pack_size": [1,2] },
	  { "monster": "mon_fem_shocker2", "freq": 100, "cost_multiplier": 0, "pack_size": [1,2] },
	  { "monster": "mon_fem_shocker2", "freq": 100, "cost_multiplier": 0, "pack_size": [1,2] },
	  { "monster": "mon_fem_shocker2", "freq": 100, "cost_multiplier": 0, "pack_size": [1,2] }
    ]
  },
  {
    "type": "monstergroup",
    "name": "GROUP_MAYBE_ZOMBIE",
    "default": "mon_fem_shocker1",
	
    "//": "10% chance of a zombie",
    "monsters": [
      { "monster": "mon_fem_shocker1", "freq": 100, "cost_multiplier": 0, "pack_size": [1,2] },
	  { "monster": "mon_fem_shocker1", "freq": 100, "cost_multiplier": 0, "pack_size": [1,2] },
	  { "monster": "mon_fem_shocker1", "freq": 100, "cost_multiplier": 0, "pack_size": [1,2] },
	  { "monster": "mon_fem_shocker2", "freq": 100, "cost_multiplier": 0, "pack_size": [1,2] },
	  { "monster": "mon_fem_shocker2", "freq": 100, "cost_multiplier": 0, "pack_size": [1,2] },
	  { "monster": "mon_fem_shocker2", "freq": 100, "cost_multiplier": 0, "pack_size": [1,2] }
    ]
  },
  {
    "type": "monstergroup",
    "name": "GROUP_SCHOOL",
    "default": "mon_fem_shocker1",
	
    "//": "School monster spawns.",
    "monsters": [
      { "monster": "mon_fem_shocker1", "freq": 100, "cost_multiplier": 0, "pack_size": [1,2] },
	  { "monster": "mon_fem_shocker1", "freq": 100, "cost_multiplier": 0, "pack_size": [1,2] },
	  { "monster": "mon_fem_shocker1", "freq": 100, "cost_multiplier": 0, "pack_size": [1,2] },
	  { "monster": "mon_fem_shocker2", "freq": 100, "cost_multiplier": 0, "pack_size": [1,2] },
	  { "monster": "mon_fem_shocker2", "freq": 100, "cost_multiplier": 0, "pack_size": [1,2] },
	  { "monster": "mon_fem_shocker2", "freq": 100, "cost_multiplier": 0, "pack_size": [1,2] }
    ]
  },
  {
    "name": "GROUP_MANSION_ESCAPE",
    "type": "monstergroup",
	
    "default": "mon_fem_shocker1",
    "monsters": [
      { "monster": "mon_fem_shocker1", "freq": 100, "cost_multiplier": 0, "pack_size": [1,2] },
	  { "monster": "mon_fem_shocker1", "freq": 100, "cost_multiplier": 0, "pack_size": [1,2] },
	  { "monster": "mon_fem_shocker1", "freq": 100, "cost_multiplier": 0, "pack_size": [1,2] },
	  { "monster": "mon_fem_shocker2", "freq": 100, "cost_multiplier": 0, "pack_size": [1,2] },
	  { "monster": "mon_fem_shocker2", "freq": 100, "cost_multiplier": 0, "pack_size": [1,2] },
	  { "monster": "mon_fem_shocker2", "freq": 100, "cost_multiplier": 0, "pack_size": [1,2] }
    ]
  },
  {
    "name": "GROUP_PANICROOM",
    "type": "monstergroup",
	
    "default": "mon_fem_shocker1",
    "monsters": [
      { "monster": "mon_fem_shocker1", "freq": 100, "cost_multiplier": 0, "pack_size": [1,2] },
	  { "monster": "mon_fem_shocker1", "freq": 100, "cost_multiplier": 0, "pack_size": [1,2] },
	  { "monster": "mon_fem_shocker1", "freq": 100, "cost_multiplier": 0, "pack_size": [1,2] },
	  { "monster": "mon_fem_shocker2", "freq": 100, "cost_multiplier": 0, "pack_size": [1,2] },
	  { "monster": "mon_fem_shocker2", "freq": 100, "cost_multiplier": 0, "pack_size": [1,2] },
	  { "monster": "mon_fem_shocker2", "freq": 100, "cost_multiplier": 0, "pack_size": [1,2] }
    ]
  },
  {
    "type": "monstergroup",
    "default": "mon_fem_shocker1",
	
    "name": "GROUP_MANSION_SEX_LAIR",
    "monsters": [
      { "monster": "mon_fem_shocker1", "freq": 100, "cost_multiplier": 0, "pack_size": [1,2] },
	  { "monster": "mon_fem_shocker1", "freq": 100, "cost_multiplier": 0, "pack_size": [1,2] },
	  { "monster": "mon_fem_shocker1", "freq": 100, "cost_multiplier": 0, "pack_size": [1,2] },
	  { "monster": "mon_fem_shocker2", "freq": 100, "cost_multiplier": 0, "pack_size": [1,2] },
	  { "monster": "mon_fem_shocker2", "freq": 100, "cost_multiplier": 0, "pack_size": [1,2] },
	  { "monster": "mon_fem_shocker2", "freq": 100, "cost_multiplier": 0, "pack_size": [1,2] }
    ]
  },
  {
    "type": "monstergroup",
    "default": "mon_fem_shocker1",
	
    "name": "GROUP_MANSION_POOL",
    "monsters": [
      { "monster": "mon_fem_shocker1", "freq": 100, "cost_multiplier": 0, "pack_size": [1,2] },
	  { "monster": "mon_fem_shocker1", "freq": 100, "cost_multiplier": 0, "pack_size": [1,2] },
	  { "monster": "mon_fem_shocker1", "freq": 100, "cost_multiplier": 0, "pack_size": [1,2] },
	  { "monster": "mon_fem_shocker2", "freq": 100, "cost_multiplier": 0, "pack_size": [1,2] },
	  { "monster": "mon_fem_shocker2", "freq": 100, "cost_multiplier": 0, "pack_size": [1,2] },
	  { "monster": "mon_fem_shocker2", "freq": 100, "cost_multiplier": 0, "pack_size": [1,2] }
    ]
  },
  {
    "name": "GROUP_MALL",
    "type": "monstergroup",
	
    "default": "mon_fem_shocker1",
    "monsters": [
      { "monster": "mon_fem_shocker1", "freq": 100, "cost_multiplier": 0, "pack_size": [1,2] },
	  { "monster": "mon_fem_shocker1", "freq": 100, "cost_multiplier": 0, "pack_size": [1,2] },
	  { "monster": "mon_fem_shocker1", "freq": 100, "cost_multiplier": 0, "pack_size": [1,2] },
	  { "monster": "mon_fem_shocker2", "freq": 100, "cost_multiplier": 0, "pack_size": [1,2] },
	  { "monster": "mon_fem_shocker2", "freq": 100, "cost_multiplier": 0, "pack_size": [1,2] },
	  { "monster": "mon_fem_shocker2", "freq": 100, "cost_multiplier": 0, "pack_size": [1,2] }
    ]
  },
  {
    "type": "monstergroup",
    "default": "mon_fem_shocker1",
	
    "name": "GROUP_ZOMBIE_SEXSHOP_A",
    "monsters": [
      { "monster": "mon_fem_shocker1", "freq": 100, "cost_multiplier": 0, "pack_size": [1,2] },
	  { "monster": "mon_fem_shocker1", "freq": 100, "cost_multiplier": 0, "pack_size": [1,2] },
	  { "monster": "mon_fem_shocker1", "freq": 100, "cost_multiplier": 0, "pack_size": [1,2] },
	  { "monster": "mon_fem_shocker2", "freq": 100, "cost_multiplier": 0, "pack_size": [1,2] },
	  { "monster": "mon_fem_shocker2", "freq": 100, "cost_multiplier": 0, "pack_size": [1,2] },
	  { "monster": "mon_fem_shocker2", "freq": 100, "cost_multiplier": 0, "pack_size": [1,2] }
    ]
  },
  {
    "type": "monstergroup",
    "name": "GROUP_ZOMBIE_SEXSHOP_B",
    "default": "mon_fem_shocker1",
	
    "monsters": [
      { "monster": "mon_fem_shocker1", "freq": 100, "cost_multiplier": 0, "pack_size": [1,2] },
	  { "monster": "mon_fem_shocker1", "freq": 100, "cost_multiplier": 0, "pack_size": [1,2] },
	  { "monster": "mon_fem_shocker1", "freq": 100, "cost_multiplier": 0, "pack_size": [1,2] },
	  { "monster": "mon_fem_shocker2", "freq": 100, "cost_multiplier": 0, "pack_size": [1,2] },
	  { "monster": "mon_fem_shocker2", "freq": 100, "cost_multiplier": 0, "pack_size": [1,2] },
	  { "monster": "mon_fem_shocker2", "freq": 100, "cost_multiplier": 0, "pack_size": [1,2] }
    ]
  },
  {
    "name": "FERAL_HUMANS",
    "default": "mon_fem_shocker1",
    "type": "monstergroup",
	
    "monsters": [
      { "monster": "mon_fem_shocker1", "freq": 100, "cost_multiplier": 0, "pack_size": [1,2] },
	  { "monster": "mon_fem_shocker1", "freq": 100, "cost_multiplier": 0, "pack_size": [1,2] },
	  { "monster": "mon_fem_shocker1", "freq": 100, "cost_multiplier": 0, "pack_size": [1,2] },
	  { "monster": "mon_fem_shocker2", "freq": 100, "cost_multiplier": 0, "pack_size": [1,2] },
	  { "monster": "mon_fem_shocker2", "freq": 100, "cost_multiplier": 0, "pack_size": [1,2] },
	  { "monster": "mon_fem_shocker2", "freq": 100, "cost_multiplier": 0, "pack_size": [1,2] }
    ]
  },
  {
    "name": "GROUP_HOTEL_POOL",
    "default": "mon_fem_shocker1",
    "type": "monstergroup",
	
    "monsters": [
      { "monster": "mon_fem_shocker1", "freq": 100, "cost_multiplier": 0, "pack_size": [1,2] },
	  { "monster": "mon_fem_shocker1", "freq": 100, "cost_multiplier": 0, "pack_size": [1,2] },
	  { "monster": "mon_fem_shocker1", "freq": 100, "cost_multiplier": 0, "pack_size": [1,2] },
	  { "monster": "mon_fem_shocker2", "freq": 100, "cost_multiplier": 0, "pack_size": [1,2] },
	  { "monster": "mon_fem_shocker2", "freq": 100, "cost_multiplier": 0, "pack_size": [1,2] },
	  { "monster": "mon_fem_shocker2", "freq": 100, "cost_multiplier": 0, "pack_size": [1,2] }
    ]
  },
  {
    "name": "GROUP_ZOMBIE_POOL",
    "type": "monstergroup",
    "default": "mon_fem_shocker1",
	
    "monsters": [
      { "monster": "mon_fem_shocker1", "freq": 100, "cost_multiplier": 0, "pack_size": [1,2] },
	  { "monster": "mon_fem_shocker1", "freq": 100, "cost_multiplier": 0, "pack_size": [1,2] },
	  { "monster": "mon_fem_shocker1", "freq": 100, "cost_multiplier": 0, "pack_size": [1,2] },
	  { "monster": "mon_fem_shocker2", "freq": 100, "cost_multiplier": 0, "pack_size": [1,2] },
	  { "monster": "mon_fem_shocker2", "freq": 100, "cost_multiplier": 0, "pack_size": [1,2] },
	  { "monster": "mon_fem_shocker2", "freq": 100, "cost_multiplier": 0, "pack_size": [1,2] }
    ]
  },
  {
    "name": "GROUP_POOL_NOKIDS",
    "default": "mon_fem_shocker1",
    "type": "monstergroup",
	
    "monsters": [
      { "monster": "mon_fem_shocker1", "freq": 100, "cost_multiplier": 0, "pack_size": [1,2] },
	  { "monster": "mon_fem_shocker1", "freq": 100, "cost_multiplier": 0, "pack_size": [1,2] },
	  { "monster": "mon_fem_shocker1", "freq": 100, "cost_multiplier": 0, "pack_size": [1,2] },
	  { "monster": "mon_fem_shocker2", "freq": 100, "cost_multiplier": 0, "pack_size": [1,2] },
	  { "monster": "mon_fem_shocker2", "freq": 100, "cost_multiplier": 0, "pack_size": [1,2] },
	  { "monster": "mon_fem_shocker2", "freq": 100, "cost_multiplier": 0, "pack_size": [1,2] }
    ]
  },
  {
    "name": "GROUP_DIVING",
    "default": "mon_fem_shocker1",
    "type": "monstergroup",
	
    "//": "Zombies/ferals that could be found on a diving related place.",
    "monsters": [
      { "monster": "mon_fem_shocker1", "freq": 100, "cost_multiplier": 0, "pack_size": [1,2] },
	  { "monster": "mon_fem_shocker1", "freq": 100, "cost_multiplier": 0, "pack_size": [1,2] },
	  { "monster": "mon_fem_shocker1", "freq": 100, "cost_multiplier": 0, "pack_size": [1,2] },
	  { "monster": "mon_fem_shocker2", "freq": 100, "cost_multiplier": 0, "pack_size": [1,2] },
	  { "monster": "mon_fem_shocker2", "freq": 100, "cost_multiplier": 0, "pack_size": [1,2] },
	  { "monster": "mon_fem_shocker2", "freq": 100, "cost_multiplier": 0, "pack_size": [1,2] }
    ]
  },
  {
    "name": "GROUP_BEACH",
    "default": "mon_fem_shocker1",
    "type": "monstergroup",
	
    "//": "Zombies/ferals that could be found on the beach/riverside.",
    "monsters": [
      { "monster": "mon_fem_shocker1", "freq": 100, "cost_multiplier": 0, "pack_size": [1,2] },
	  { "monster": "mon_fem_shocker1", "freq": 100, "cost_multiplier": 0, "pack_size": [1,2] },
	  { "monster": "mon_fem_shocker1", "freq": 100, "cost_multiplier": 0, "pack_size": [1,2] },
	  { "monster": "mon_fem_shocker2", "freq": 100, "cost_multiplier": 0, "pack_size": [1,2] },
	  { "monster": "mon_fem_shocker2", "freq": 100, "cost_multiplier": 0, "pack_size": [1,2] },
	  { "monster": "mon_fem_shocker2", "freq": 100, "cost_multiplier": 0, "pack_size": [1,2] }
    ]
  },
  {
    "name": "GROUP_HOSPITAL_INCUBATOR",
    "default": "mon_fem_shocker1",
    "type": "monstergroup",
	
    "monsters": [
      { "monster": "mon_fem_shocker1", "freq": 100, "cost_multiplier": 0, "pack_size": [1,2] },
	  { "monster": "mon_fem_shocker1", "freq": 100, "cost_multiplier": 0, "pack_size": [1,2] },
	  { "monster": "mon_fem_shocker1", "freq": 100, "cost_multiplier": 0, "pack_size": [1,2] },
	  { "monster": "mon_fem_shocker2", "freq": 100, "cost_multiplier": 0, "pack_size": [1,2] },
	  { "monster": "mon_fem_shocker2", "freq": 100, "cost_multiplier": 0, "pack_size": [1,2] },
	  { "monster": "mon_fem_shocker2", "freq": 100, "cost_multiplier": 0, "pack_size": [1,2] }
    ]
  },
  {
    "name": "GROUP_CIVILIAN",
    "default": "mon_fem_shocker1",
	
    "//": "Civilians/Normal people that died, represents a lot of different common professions.  No children or dogs.",
    "type": "monstergroup",
    "monsters": [
      { "monster": "mon_fem_shocker1", "freq": 100, "cost_multiplier": 0, "pack_size": [1,2] },
	  { "monster": "mon_fem_shocker1", "freq": 100, "cost_multiplier": 0, "pack_size": [1,2] },
	  { "monster": "mon_fem_shocker1", "freq": 100, "cost_multiplier": 0, "pack_size": [1,2] },
	  { "monster": "mon_fem_shocker2", "freq": 100, "cost_multiplier": 0, "pack_size": [1,2] },
	  { "monster": "mon_fem_shocker2", "freq": 100, "cost_multiplier": 0, "pack_size": [1,2] },
	  { "monster": "mon_fem_shocker2", "freq": 100, "cost_multiplier": 0, "pack_size": [1,2] }
    ]
  },
  {
    "name": "GROUP_CIVILIAN_NO_FERAL",
    "default": "mon_fem_shocker1",
	
    "//": "Civilians/Normal people that died, represents a lot of different common professions.  No children, dogs or ferals.",
    "type": "monstergroup",
    "monsters": [
      { "monster": "mon_fem_shocker1", "freq": 100, "cost_multiplier": 0, "pack_size": [1,2] },
	  { "monster": "mon_fem_shocker1", "freq": 100, "cost_multiplier": 0, "pack_size": [1,2] },
	  { "monster": "mon_fem_shocker1", "freq": 100, "cost_multiplier": 0, "pack_size": [1,2] },
	  { "monster": "mon_fem_shocker2", "freq": 100, "cost_multiplier": 0, "pack_size": [1,2] },
	  { "monster": "mon_fem_shocker2", "freq": 100, "cost_multiplier": 0, "pack_size": [1,2] },
	  { "monster": "mon_fem_shocker2", "freq": 100, "cost_multiplier": 0, "pack_size": [1,2] }
    ]
  },
  {
    "name": "GROUP_FERROUS",
    "default": "mon_fem_shocker1",
	
    "type": "monstergroup",
    "monsters": [
      { "monster": "mon_fem_shocker1", "freq": 100, "cost_multiplier": 0, "pack_size": [1,2] },
	  { "monster": "mon_fem_shocker1", "freq": 100, "cost_multiplier": 0, "pack_size": [1,2] },
	  { "monster": "mon_fem_shocker1", "freq": 100, "cost_multiplier": 0, "pack_size": [1,2] },
	  { "monster": "mon_fem_shocker2", "freq": 100, "cost_multiplier": 0, "pack_size": [1,2] },
	  { "monster": "mon_fem_shocker2", "freq": 100, "cost_multiplier": 0, "pack_size": [1,2] },
	  { "monster": "mon_fem_shocker2", "freq": 100, "cost_multiplier": 0, "pack_size": [1,2] }
    ]
  }
]
