[
  {
    "type": "speech",
    "speaker": "mon_fem_shocker(test)",
        "sound" : "\"하하하하하...\"",
    "volume": 10
  },
  {
    "type": "speech",
    "speaker": "mon_fem_shocker(test)",
        "sound" : "\"이잇!\"",
    "volume": 10
  },
  {
    "type": "speech",
    "speaker": "mon_fem_shocker(test)",
        "sound" : "\"개조 수술은 매우 기분 좋았어. 엑스터시를 느꼈다...\"",
    "volume": 10
  },
  {
    "type": "speech",
    "speaker": "mon_fem_shocker(test)",
        "sound" : "\"우후후후후... 우리의 모습을 보았으니 죽어달라고.\"",
    "volume": 10
  },
  {
    "type": "speech",
    "speaker": "mon_fem_shocker(test)",
       "sound" : "\"우후후후후... 얼굴 위로 해줬으면 하는 거 아니야??　좋아.\"",
    "volume": 10
  },
  {
    "type": "speech",
    "speaker": "mon_fem_shocker(test)",
        "sound" : "\"이잇!　조직에 맞서는 자는 모두 죽음을! 우리 손으로 처치하겠습니다!\"",
    "volume": 10
  },
  {
    "type": "speech",
    "speaker": "mon_fem_shocker(test)",
        "sound" : "\"이잇!　조직에 맞서는 어리석은 자는 우리가 처치해 드리겠습니다!\"",
    "volume": 10
  },
  {
    "type": "speech",
    "speaker": "mon_fem_shocker(test)",
        "sound" : "\"우후후후후... 이 레오타드는 강화복이야. 입고 있으면 그것만으로도 매우 기분이 좋아.\"",
    "volume": 10
  },
  {
    "type": "speech",
    "speaker": "mon_fem_shocker(test)",
        "sound" : "\"우후후후후... 겁 먹은 쓰레기를 보는 것은 참을 수 없어.\"",
    "volume": 10
  },
  {
    "type": "speech",
    "speaker": "mon_fem_shocker(test)",
        "sound" : "\"우후후후후... 어때, 이 바디라인? 개조된 육체는 아름답지?\"",
    "volume": 10
  },
  {
    "type": "speech",
    "speaker": "mon_fem_shocker(test)",
        "sound" : "\"우후후후후... 나를 보고 흥분하고 있니?\"",
    "volume": 10
  },
  {
    "type": "speech",
    "speaker": "mon_fem_shocker(test)",
        "sound" : "\"우후후후후... 우리를 보고 크게하고 있다니, 징그럽워..\"",
    "volume": 10
  },
  {
    "type": "speech",
    "speaker": "mon_fem_shocker(test)",
        "sound" : "\"우후후후후... 검은 레오타드와 망사 스타킹, 좋아하지않니?　아까부터 날 보고 있잖아.\"",
    "volume": 10
  },
  {
    "type": "speech",
    "speaker": "mon_fem_shocker(test)",
        "sound" : "\"우후후후후... 내 품에 안기고 싶지, 그렇지 않니? 목숨이 아깝지 않다면 상관없어.\"",
    "volume": 10
  },
  {
    "type": "speech",
    "speaker": "mon_fem_shocker(test)",
        "sound" : "\"우리랑 섹스하고싶어? 목숨 아까운줄 모르는구나.\"",
    "volume": 10
  },
  {
    "type": "speech",
    "speaker": "mon_fem_shocker(test)",
        "sound" : "\"이잇!　세상에 암흑을! 맞서는 자에게는 죽음을!\"",
    "volume": 10
  },
  {
    "type": "speech",
    "speaker": "mon_fem_shocker(test)",
        "sound" : "\"이잇!　우리 여자 전투원은 괴인님의 성처리도 하고 있습니다. 부디 우리의 육체를 마음껏 즐겨주세요.\"",
    "volume": 10
  },
  {
    "type": "speech",
    "speaker": "mon_fem_shocker(test)",
        "sound" : "\"이잇!　우리는 여자 전투원.수령님께 충성을 맹세합니다!\"",
    "volume": 10
  },
  {
    "type": "speech",
    "speaker": "mon_fem_shocker(test)",
        "sound" : "\"자 돼지! 무릎을 꿇고 목숨을 구걸해라!\"",
    "volume": 10
  },
  {
    "type": "speech",
    "speaker": "mon_fem_shocker(test)",
        "sound" : "\"우후후후후... 내 다리가 신경 쓰여?　핥아도 괜찮아.\"",
    "volume": 10
  },
  {
    "type": "speech",
    "speaker": "mon_fem_shocker(test)",
        "sound" : "\"우후후후후... 페이스페인트는 우리가 개조인간이라는 증거야.\"",
    "volume": 10
  },
  {
    "type": "speech",
    "speaker": "mon_fem_shocker(test)",
        "sound" : "\"망사 스타킹 다리 냄새 맡고 싶어? 부츠에 찐 좋은 냄새가나.\"",
    "volume": 10
  },
  {
    "type": "speech",
    "speaker": "mon_fem_shocker(test)",
        "sound" : "\"우후후후후.. 우리를 쓰러트리고 싶다니 분수를 모르고 있네..\"",
    "volume": 10
  }
]